codigo_producto,descripcion,precio,cantidad,total,tipo_transaccion,fecha,folio_origen
759743227841,CABLE USB 1MT,2057,22,23980,COMPRA,2023-01-01 04:50:27.591228628,LOT202353
753061660635,GOMA DE MASCAR 5UN,1895,2,1580,VENTA,2023-01-01 14:13:00.745175901,1137
799839285278,CAFÉ INSTANTÁNEO 10G,3397,2,7800,VENTA,2023-01-01 16:55:56.015220227,1010
703102912177,LECHE EN POLVO 400G,4790,1,4790,VENTA,2023-01-01 18:20:17.947688228,1096
715073335721,DETERGENTE ARIEL 500G,2000,1,2600,VENTA,2023-01-01 22:17:42.681102641,1163
731342889773,CABLE JACK 3.5MM 1MT,1195,2,1180,VENTA,2023-01-02 06:37:18.715532940,1066
743543068824,CARGADOR USB 2.4A,2272,2,8600,VENTA,2023-01-02 12:49:50.343281258,1067
743543068824,CARGADOR USB 2.4A,2272,2,1600,VENTA,2023-01-03 05:02:27.789555684,1032
769771202578,AGUA MINERAL 500ML,300,1,300,VENTA,2023-01-03 11:44:32.960862466,1036
703377007955,GEL ALCOHÓLICO 100ML,2170,1,1690,VENTA,2023-01-04 15:56:08.205637592,1036
724030223967,ALCOHOL GEL 100ML,3095,2,6380,VENTA,2023-01-05 07:16:18.644376404,1123
743752337768,BEBIDA COCA COLA 500ML,1595,24,6960,COMPRA,2023-01-05 09:11:04.728637048,LOT202340
715073335721,DETERGENTE ARIEL 500G,2000,2,5200,VENTA,2023-01-05 09:49:48.319342839,1160
743752337768,BEBIDA COCA COLA 500ML,2800,2,10200,VENTA,2023-01-05 22:24:33.318728283,1179
723750230102,VELA AROMÁTICA,4000,2,8000,VENTA,2023-01-06 04:53:45.487660918,1047
769620372572,CHOCOLATE NESTLE 45G,1768,2,1000,VENTA,2023-01-07 05:26:06.107444885,1135
703377007955,GEL ALCOHÓLICO 100ML,2170,2,3580,VENTA,2023-01-07 16:30:12.286704440,1127
725515179735,ENERGIZANTE MR BUBBLE 250ML,2927,2,3180,VENTA,2023-01-07 21:49:00.041795001,1090
743543068824,CARGADOR USB 2.4A,1345,9,19710,COMPRA,2023-01-08 13:27:46.230858673,LOT202394
716447097258,CHIPS DE PAPA 35G,3490,1,3490,VENTA,2023-01-09 06:02:24.267789799,1176
778115056522,ADAPTADOR HDMI-VGA,1463,1,2900,VENTA,2023-01-09 09:25:59.382777265,1175
743543068824,CARGADOR USB 2.4A,2272,2,4380,VENTA,2023-01-09 17:35:27.803846514,1065
759743227841,CABLE USB 1MT,3563,2,11200,VENTA,2023-01-10 08:26:29.472159230,1023
753619764384,PARAGUAS TRANSPARENTE,800,2,1600,VENTA,2023-01-10 12:46:24.527203387,1061
769771202578,AGUA MINERAL 500ML,300,1,300,VENTA,2023-01-12 19:14:50.032520573,1041
743752337768,BEBIDA COCA COLA 500ML,2800,2,1000,VENTA,2023-01-15 00:22:54.356054150,1047
799839285278,CAFÉ INSTANTÁNEO 10G,3397,1,1490,VENTA,2023-01-15 14:35:20.461356010,1006
753619764384,PARAGUAS TRANSPARENTE,800,1,800,VENTA,2023-01-16 11:45:12.748315942,1075
778115056522,ADAPTADOR HDMI-VGA,1463,1,2900,VENTA,2023-01-18 00:36:59.526596177,1164
703377007955,GEL ALCOHÓLICO 100ML,2170,1,1690,VENTA,2023-01-19 04:03:11.881664793,1169
715902139323,BARRA DE CEREAL 30G,2540,1,990,VENTA,2023-01-19 10:25:54.251587014,1128
715073335721,DETERGENTE ARIEL 500G,2000,1,1400,VENTA,2023-01-19 18:54:04.876999752,1170
703377007955,GEL ALCOHÓLICO 100ML,1442,12,14400,COMPRA,2023-01-20 05:57:01.542564954,LOT202323
715073335721,DETERGENTE ARIEL 500G,2000,2,5200,VENTA,2023-01-20 08:06:21.322999750,1037
716447097258,CHIPS DE PAPA 35G,3490,2,6980,VENTA,2023-01-21 20:09:03.547446158,1166
778582867497,GOMA DE MASCAR FRUTILLA 5UN,5300,2,10600,VENTA,2023-01-25 16:37:40.458363972,1008
743543068824,CARGADOR USB 2.4A,2272,2,8600,VENTA,2023-01-26 13:41:06.006811962,1169
724030223967,ALCOHOL GEL 100ML,3095,2,6380,VENTA,2023-01-28 03:22:43.552555243,1197
737328112719,PALITOS SALADOS 100G,2990,1,2990,VENTA,2023-01-29 20:22:52.445032048,1001
723750230102,VELA AROMÁTICA,4000,1,4000,VENTA,2023-01-30 20:48:34.390916916,1095
707037023369,MEMORIA SD 32GB,3300,1,2700,VENTA,2023-01-31 00:27:43.030593019,1143
753061660635,GOMA DE MASCAR 5UN,1895,2,6000,VENTA,2023-01-31 11:34:46.529573917,1000
799839285278,CAFÉ INSTANTÁNEO 10G,3397,2,2980,VENTA,2023-01-31 17:30:39.863856413,1160
715073335721,DETERGENTE ARIEL 500G,2000,2,5200,VENTA,2023-02-01 16:12:31.311662816,1039
725515179735,ENERGIZANTE MR BUBBLE 250ML,1733,30,72000,COMPRA,2023-02-02 11:51:21.807254268,LOT202396
757114722560,PASTEL DE MANJAR 80G,2990,2,5980,VENTA,2023-02-03 13:04:36.584800009,1054
703102912177,LECHE EN POLVO 400G,4790,2,9580,VENTA,2023-02-05 18:44:15.090329683,1121
743543068824,CARGADOR USB 2.4A,2272,2,1600,VENTA,2023-02-05 19:04:28.258997091,1109
725515179735,ENERGIZANTE MR BUBBLE 250ML,2927,2,3180,VENTA,2023-02-06 18:49:40.541388539,1089
725515179735,ENERGIZANTE MR BUBBLE 250ML,2927,2,8000,VENTA,2023-02-07 23:25:08.946287918,1015
703377007955,GEL ALCOHÓLICO 100ML,2170,2,3380,VENTA,2023-02-08 03:12:15.904224426,1080
778115056522,ADAPTADOR HDMI-VGA,1463,1,490,VENTA,2023-02-08 15:53:52.346338951,1059
716447097258,CHIPS DE PAPA 35G,3490,1,3490,VENTA,2023-02-08 16:37:28.471483818,1035
715073335721,DETERGENTE ARIEL 500G,2000,1,2600,VENTA,2023-02-09 02:48:08.012898935,1134
715902139323,BARRA DE CEREAL 30G,1350,5,2500,COMPRA,2023-02-14 02:57:00.981244627,LOT202320
769620372572,CHOCOLATE NESTLE 45G,1768,1,290,VENTA,2023-02-14 13:47:57.719455181,1031
777858530950,GALLETA MARIA 200G,2600,2,5200,VENTA,2023-02-15 00:54:17.173463184,1030
799839285278,CAFÉ INSTANTÁNEO 10G,3397,2,9600,VENTA,2023-02-18 15:35:29.903303041,1089
769620372572,CHOCOLATE NESTLE 45G,940,29,63510,COMPRA,2023-02-18 15:57:24.321984406,LOT202321
743543068824,CARGADOR USB 2.4A,2272,1,800,VENTA,2023-02-20 14:37:42.690534727,1117
731342889773,CABLE JACK 3.5MM 1MT,1195,1,590,VENTA,2023-02-21 02:53:46.605229404,1020
715073335721,DETERGENTE ARIEL 500G,2000,1,2600,VENTA,2023-02-22 04:10:54.286664385,1150
778115056522,ADAPTADOR HDMI-VGA,1090,24,54960,COMPRA,2023-02-22 07:29:12.572277831,LOT202360
725515179735,ENERGIZANTE MR BUBBLE 250ML,2927,2,3180,VENTA,2023-02-23 07:16:01.451075996,1009
743543068824,CARGADOR USB 2.4A,2272,2,3600,VENTA,2023-02-23 19:30:21.762875936,1081
731342889773,CABLE JACK 3.5MM 1MT,1195,1,590,VENTA,2023-02-24 08:42:23.896273200,1117
703377007955,GEL ALCOHÓLICO 100ML,2170,2,3000,VENTA,2023-02-24 15:08:49.951331131,1149
724030223967,ALCOHOL GEL 100ML,3095,2,6380,VENTA,2023-02-24 18:50:06.916733840,1048
725515179735,ENERGIZANTE MR BUBBLE 250ML,1733,7,6300,COMPRA,2023-02-25 17:25:15.916087806,LOT202367
703377007955,GEL ALCOHÓLICO 100ML,2170,2,7400,VENTA,2023-02-26 11:09:03.330242946,1084
759743227841,CABLE USB 1MT,3563,2,6180,VENTA,2023-02-26 17:51:21.709259837,1130
703377007955,GEL ALCOHÓLICO 100ML,2170,1,1500,VENTA,2023-02-27 11:04:22.209904361,1140
731342889773,CABLE JACK 3.5MM 1MT,1195,2,1180,VENTA,2023-02-28 16:19:54.869614426,1082
753061660635,GOMA DE MASCAR 5UN,1895,1,3000,VENTA,2023-03-02 13:40:13.660205781,1096
715902139323,BARRA DE CEREAL 30G,1350,13,6500,COMPRA,2023-03-02 17:16:25.865972613,LOT202392
757114722560,PASTEL DE MANJAR 80G,2990,1,2990,VENTA,2023-03-03 01:26:02.138405327,1089
743752337768,BEBIDA COCA COLA 500ML,2800,1,5100,VENTA,2023-03-04 09:48:16.976710428,1017
777858530950,GALLETA MARIA 200G,1790,17,30430,COMPRA,2023-03-04 19:36:27.625154568,LOT202351
757114722560,PASTEL DE MANJAR 80G,2990,2,5980,VENTA,2023-03-05 05:45:56.592005069,1139
715073335721,DETERGENTE ARIEL 500G,2000,1,2600,VENTA,2023-03-05 16:35:48.570838546,1016
769620372572,CHOCOLATE NESTLE 45G,1768,2,3780,VENTA,2023-03-05 18:19:02.094032120,1115
753061660635,GOMA DE MASCAR 5UN,1895,2,1580,VENTA,2023-03-07 06:11:45.085274644,1041
792379607791,PASTA DIENTES COLGATE 90ML,1795,2,380,VENTA,2023-03-07 18:48:39.470406589,1079
759743227841,CABLE USB 1MT,3563,2,4000,VENTA,2023-03-08 15:28:18.714241768,1144
723241178329,SUAVIZANTE AYUDIN 500ML,1900,2,3800,VENTA,2023-03-10 11:22:12.811271562,1173
769620372572,CHOCOLATE NESTLE 45G,1768,1,500,VENTA,2023-03-10 11:38:24.249051840,1130
743543068824,CARGADOR USB 2.4A,1345,30,15000,COMPRA,2023-03-11 12:09:42.344622898,LOT202317
759743227841,CABLE USB 1MT,3563,2,11200,VENTA,2023-03-12 13:42:56.430324203,1051
769620372572,CHOCOLATE NESTLE 45G,1768,1,1890,VENTA,2023-03-13 21:14:46.175274824,1147
799839285278,CAFÉ INSTANTÁNEO 10G,3397,2,7800,VENTA,2023-03-14 05:39:12.155145384,1198
703377007955,GEL ALCOHÓLICO 100ML,2170,2,7400,VENTA,2023-03-14 13:14:43.742637597,1055
799839285278,CAFÉ INSTANTÁNEO 10G,3397,2,9600,VENTA,2023-03-15 00:41:28.802759484,1140
759743227841,CABLE USB 1MT,3563,2,4000,VENTA,2023-03-15 01:00:54.058149788,1055
757114722560,PASTEL DE MANJAR 80G,2990,2,5980,VENTA,2023-03-15 06:32:03.396665240,1194
737328112719,PALITOS SALADOS 100G,1700,25,42500,COMPRA,2023-03-16 23:41:36.197133427,LOT202355
769620372572,CHOCOLATE NESTLE 45G,1768,2,1000,VENTA,2023-03-17 13:07:25.856006417,1034
743543068824,CARGADOR USB 2.4A,2272,2,1600,VENTA,2023-03-18 14:12:48.133540187,1051
725515179735,ENERGIZANTE MR BUBBLE 250ML,2927,2,6380,VENTA,2023-03-18 22:15:49.901631475,1111
703377007955,GEL ALCOHÓLICO 100ML,2170,1,3700,VENTA,2023-03-19 12:32:28.992570150,1019
707037023369,MEMORIA SD 32GB,3300,2,5400,VENTA,2023-03-19 13:34:27.129144085,1006
778115056522,ADAPTADOR HDMI-VGA,1463,1,490,VENTA,2023-03-19 19:43:28.583234866,1126
703377007955,GEL ALCOHÓLICO 100ML,2170,1,1500,VENTA,2023-03-21 10:51:53.261870919,1135
703377007955,GEL ALCOHÓLICO 100ML,1442,6,7740,COMPRA,2023-03-21 16:18:09.263502108,LOT202346
778582867497,GOMA DE MASCAR FRUTILLA 5UN,2990,25,74750,COMPRA,2023-03-22 10:45:14.230708078,LOT202394
737328112719,PALITOS SALADOS 100G,2990,1,2990,VENTA,2023-03-22 22:07:40.640642499,1114
703377007955,GEL ALCOHÓLICO 100ML,2170,2,3580,VENTA,2023-03-23 01:05:47.877881956,1031
725515179735,ENERGIZANTE MR BUBBLE 250ML,2927,2,6380,VENTA,2023-03-23 15:46:49.518600275,1108
707037023369,MEMORIA SD 32GB,3300,2,7800,VENTA,2023-03-24 02:17:08.214774805,1073
769620372572,CHOCOLATE NESTLE 45G,1768,1,4390,VENTA,2023-03-24 02:26:59.154741782,1132
757114722560,PASTEL DE MANJAR 80G,1790,18,32220,COMPRA,2023-03-24 12:54:09.987997855,LOT202351
743543068824,CARGADOR USB 2.4A,2272,1,2190,VENTA,2023-03-27 10:32:02.206899573,1100
703377007955,GEL ALCOHÓLICO 100ML,2170,1,1790,VENTA,2023-03-28 02:18:48.977980694,1167
778115056522,ADAPTADOR HDMI-VGA,1463,2,980,VENTA,2023-03-28 10:29:20.289858497,1113
759743227841,CABLE USB 1MT,2057,22,23980,COMPRA,2023-03-28 12:53:56.111077048,LOT202307
743543068824,CARGADOR USB 2.4A,1345,30,38700,COMPRA,2023-03-28 17:57:43.837594977,LOT202311
753619764384,PARAGUAS TRANSPARENTE,800,2,1600,VENTA,2023-03-29 03:01:36.635132505,1073
715902139323,BARRA DE CEREAL 30G,2540,1,990,VENTA,2023-03-30 06:51:37.882884765,1146
703377007955,GEL ALCOHÓLICO 100ML,2170,1,1690,VENTA,2023-03-30 15:17:38.384023005,1013
799839285278,CAFÉ INSTANTÁNEO 10G,3397,2,7800,VENTA,2023-03-30 16:24:43.753428698,1151
723241178329,SUAVIZANTE AYUDIN 500ML,1290,28,36120,COMPRA,2023-03-30 19:27:17.104346197,LOT202382
799839285278,CAFÉ INSTANTÁNEO 10G,3397,1,1490,VENTA,2023-03-31 04:16:24.886442046,1154
759743227841,CABLE USB 1MT,3563,2,6180,VENTA,2023-03-31 15:43:46.348372223,1180
769620372572,CHOCOLATE NESTLE 45G,1768,2,580,VENTA,2023-04-01 20:03:49.934699355,1018
778115056522,ADAPTADOR HDMI-VGA,1090,15,4350,COMPRA,2023-04-04 09:46:58.785180012,LOT202306
799839285278,CAFÉ INSTANTÁNEO 10G,3397,2,7800,VENTA,2023-04-04 19:57:38.983190969,1144
743752337768,BEBIDA COCA COLA 500ML,2800,2,10200,VENTA,2023-04-06 18:22:01.300814035,1124
799839285278,CAFÉ INSTANTÁNEO 10G,3397,2,9600,VENTA,2023-04-07 06:05:33.560310882,1092
715902139323,BARRA DE CEREAL 30G,2540,2,8180,VENTA,2023-04-07 18:34:46.999127331,1087
743543068824,CARGADOR USB 2.4A,1345,13,6500,COMPRA,2023-04-09 14:43:19.939697306,LOT202372
769620372572,CHOCOLATE NESTLE 45G,1768,2,1000,VENTA,2023-04-10 11:01:37.627598665,1163
731342889773,CABLE JACK 3.5MM 1MT,1195,1,1800,VENTA,2023-04-10 15:28:25.207837258,1146
724030223967,ALCOHOL GEL 100ML,3095,1,3000,VENTA,2023-04-11 13:43:22.341560316,1103
737328112719,PALITOS SALADOS 100G,2990,1,2990,VENTA,2023-04-11 18:35:19.665392568,1121
759743227841,CABLE USB 1MT,2057,11,22990,COMPRA,2023-04-13 19:55:14.954627509,LOT202307
707037023369,MEMORIA SD 32GB,3300,1,2700,VENTA,2023-04-17 12:36:17.182726762,1124
799839285278,CAFÉ INSTANTÁNEO 10G,3397,2,7800,VENTA,2023-04-18 09:41:30.135829387,1040
777858530950,GALLETA MARIA 200G,2600,2,5200,VENTA,2023-04-18 13:25:08.691953442,1072
715073335721,DETERGENTE ARIEL 500G,2000,1,2600,VENTA,2023-04-18 20:07:21.974281536,1196
753061660635,GOMA DE MASCAR 5UN,1895,1,3000,VENTA,2023-04-19 07:10:23.281218629,1186
715902139323,BARRA DE CEREAL 30G,2540,2,1980,VENTA,2023-04-20 10:06:24.475289921,1194
769620372572,CHOCOLATE NESTLE 45G,1768,1,1890,VENTA,2023-04-20 14:24:59.712652486,1006
725515179735,ENERGIZANTE MR BUBBLE 250ML,2927,1,3190,VENTA,2023-04-20 14:28:30.159617891,1083
778115056522,ADAPTADOR HDMI-VGA,1463,2,5800,VENTA,2023-04-22 13:41:50.442543259,1050
725515179735,ENERGIZANTE MR BUBBLE 250ML,2927,2,6380,VENTA,2023-04-22 23:26:17.041892749,1068
725515179735,ENERGIZANTE MR BUBBLE 250ML,1733,8,19200,COMPRA,2023-04-23 14:15:06.091417695,LOT202391
743543068824,CARGADOR USB 2.4A,2272,2,8600,VENTA,2023-04-25 04:12:29.828856780,1147
715073335721,DETERGENTE ARIEL 500G,1240,22,37180,COMPRA,2023-04-25 15:55:42.129203846,LOT202390
769620372572,CHOCOLATE NESTLE 45G,1768,2,1000,VENTA,2023-04-26 00:22:58.095702882,1115
743752337768,BEBIDA COCA COLA 500ML,2800,2,10200,VENTA,2023-04-26 11:52:10.767540842,1177
778115056522,ADAPTADOR HDMI-VGA,1463,2,5800,VENTA,2023-04-27 05:56:53.000229848,1178
707037023369,MEMORIA SD 32GB,3300,2,7800,VENTA,2023-04-27 07:55:37.211808037,1185
769620372572,CHOCOLATE NESTLE 45G,1768,2,580,VENTA,2023-04-27 17:07:59.481893196,1046
769620372572,CHOCOLATE NESTLE 45G,1768,1,500,VENTA,2023-04-29 07:59:56.516672834,1161
778115056522,ADAPTADOR HDMI-VGA,1463,2,2000,VENTA,2023-04-29 18:03:53.046967951,1184
743543068824,CARGADOR USB 2.4A,2272,2,8600,VENTA,2023-04-30 22:31:25.205708985,1119
707037023369,MEMORIA SD 32GB,3300,2,7800,VENTA,2023-05-01 15:36:18.886676560,1048
737328112719,PALITOS SALADOS 100G,2990,2,5980,VENTA,2023-05-02 09:31:59.885150410,1074
799839285278,CAFÉ INSTANTÁNEO 10G,3397,2,7800,VENTA,2023-05-03 21:03:49.271777655,1098
769620372572,CHOCOLATE NESTLE 45G,1768,1,4390,VENTA,2023-05-04 09:35:11.476431305,1040
716447097258,CHIPS DE PAPA 35G,3490,2,6980,VENTA,2023-05-05 10:09:28.141843308,1038
703377007955,GEL ALCOHÓLICO 100ML,2170,1,1690,VENTA,2023-05-06 22:03:50.730974351,1183
724030223967,ALCOHOL GEL 100ML,3095,1,3000,VENTA,2023-05-07 23:27:49.693139369,1024
792379607791,PASTA DIENTES COLGATE 90ML,1795,2,6800,VENTA,2023-05-08 04:25:58.069692229,1004
753061660635,GOMA DE MASCAR 5UN,1145,10,4000,COMPRA,2023-05-08 22:55:28.792605092,LOT202329
743543068824,CARGADOR USB 2.4A,2272,2,1600,VENTA,2023-05-09 05:55:46.148014395,1056
724030223967,ALCOHOL GEL 100ML,3095,2,6000,VENTA,2023-05-10 19:43:44.204740125,1010
743543068824,CARGADOR USB 2.4A,2272,2,4380,VENTA,2023-05-11 10:18:30.321437036,1025
715073335721,DETERGENTE ARIEL 500G,2000,2,5200,VENTA,2023-05-13 09:30:13.982602200,1002
743543068824,CARGADOR USB 2.4A,2272,1,2190,VENTA,2023-05-13 14:49:12.472802035,1050
757114722560,PASTEL DE MANJAR 80G,2990,2,5980,VENTA,2023-05-15 06:24:16.172094119,1166
799839285278,CAFÉ INSTANTÁNEO 10G,3397,2,2980,VENTA,2023-05-15 10:43:41.451461103,1028
715073335721,DETERGENTE ARIEL 500G,2000,1,2600,VENTA,2023-05-15 15:41:31.058050572,1173
715902139323,BARRA DE CEREAL 30G,2540,2,1980,VENTA,2023-05-16 15:04:34.127123409,1111
703377007955,GEL ALCOHÓLICO 100ML,2170,1,1500,VENTA,2023-05-17 03:52:32.113453876,1129
715073335721,DETERGENTE ARIEL 500G,2000,2,2800,VENTA,2023-05-17 12:15:23.036329947,1030
703377007955,GEL ALCOHÓLICO 100ML,2170,1,1690,VENTA,2023-05-17 18:47:12.110625332,1044
778115056522,ADAPTADOR HDMI-VGA,1463,1,1000,VENTA,2023-05-17 18:55:17.952095254,1118
731342889773,CABLE JACK 3.5MM 1MT,1195,2,1180,VENTA,2023-05-18 06:25:55.764978633,1079
753619764384,PARAGUAS TRANSPARENTE,800,1,800,VENTA,2023-05-18 15:41:52.932189161,1057
723241178329,SUAVIZANTE AYUDIN 500ML,1900,2,3800,VENTA,2023-05-19 01:09:31.507912505,1085
743543068824,CARGADOR USB 2.4A,2272,2,1600,VENTA,2023-05-19 19:47:24.613266456,1013
715902139323,BARRA DE CEREAL 30G,2540,1,990,VENTA,2023-05-19 22:14:52.460700734,1150
753619764384,PARAGUAS TRANSPARENTE,800,1,800,VENTA,2023-05-21 12:58:50.374486872,1026
703102912177,LECHE EN POLVO 400G,2800,10,28000,COMPRA,2023-05-22 10:05:06.210967599,LOT202306
703377007955,GEL ALCOHÓLICO 100ML,2170,2,7400,VENTA,2023-05-22 14:01:53.004431649,1174
777858530950,GALLETA MARIA 200G,2600,2,5200,VENTA,2023-05-23 01:47:37.016875635,1116
703102912177,LECHE EN POLVO 400G,4790,2,9580,VENTA,2023-05-23 09:02:28.015256344,1076
769620372572,CHOCOLATE NESTLE 45G,1768,2,3780,VENTA,2023-05-23 13:01:20.740441092,1014
769620372572,CHOCOLATE NESTLE 45G,1768,2,8780,VENTA,2023-05-25 00:25:40.799446195,1191
724030223967,ALCOHOL GEL 100ML,3095,1,3000,VENTA,2023-05-25 03:54:39.464202866,1028
792379607791,PASTA DIENTES COLGATE 90ML,1795,1,3400,VENTA,2023-05-25 21:16:38.055959035,1048
743543068824,CARGADOR USB 2.4A,2272,2,1600,VENTA,2023-05-26 01:46:53.213297838,1174
715902139323,BARRA DE CEREAL 30G,2540,1,990,VENTA,2023-05-26 03:10:06.005624551,1053
778115056522,ADAPTADOR HDMI-VGA,1463,2,980,VENTA,2023-05-26 11:50:12.065806912,1182
715902139323,BARRA DE CEREAL 30G,1350,29,63800,COMPRA,2023-05-27 09:39:12.188843138,LOT202333
703377007955,GEL ALCOHÓLICO 100ML,1442,24,28800,COMPRA,2023-05-28 23:26:09.417473628,LOT202353
799839285278,CAFÉ INSTANTÁNEO 10G,3397,2,7800,VENTA,2023-05-29 20:19:20.473287431,1184
715902139323,BARRA DE CEREAL 30G,2540,1,990,VENTA,2023-05-30 04:48:01.357621731,1067
723241178329,SUAVIZANTE AYUDIN 500ML,1900,1,1900,VENTA,2023-05-30 14:53:58.097686623,1110
753061660635,GOMA DE MASCAR 5UN,1895,1,790,VENTA,2023-05-31 02:46:32.269070084,1012
725515179735,ENERGIZANTE MR BUBBLE 250ML,2927,1,1590,VENTA,2023-06-01 11:53:48.190466740,1157
743543068824,CARGADOR USB 2.4A,2272,1,4300,VENTA,2023-06-03 08:59:11.428977585,1175
716447097258,CHIPS DE PAPA 35G,3490,1,3490,VENTA,2023-06-04 01:26:59.822759043,1191
759743227841,CABLE USB 1MT,3563,1,2000,VENTA,2023-06-04 08:48:59.947071382,1026
715073335721,DETERGENTE ARIEL 500G,2000,1,2600,VENTA,2023-06-05 01:53:53.110866397,1029
743752337768,BEBIDA COCA COLA 500ML,1595,25,7250,COMPRA,2023-06-05 02:22:04.768506008,LOT202369
743752337768,BEBIDA COCA COLA 500ML,2800,2,1000,VENTA,2023-06-05 17:01:31.804623356,1033
778115056522,ADAPTADOR HDMI-VGA,1090,24,16560,COMPRA,2023-06-06 21:52:32.868381905,LOT202361
769620372572,CHOCOLATE NESTLE 45G,1768,1,1890,VENTA,2023-06-08 23:15:04.937882025,1072
778115056522,ADAPTADOR HDMI-VGA,1463,1,1000,VENTA,2023-06-10 13:38:37.770764938,1045
703102912177,LECHE EN POLVO 400G,2800,5,14000,COMPRA,2023-06-12 06:57:41.131536854,LOT202306
737328112719,PALITOS SALADOS 100G,2990,2,5980,VENTA,2023-06-12 23:20:48.606124792,1018
743543068824,CARGADOR USB 2.4A,2272,2,8600,VENTA,2023-06-13 03:29:15.901567420,1162
778582867497,GOMA DE MASCAR FRUTILLA 5UN,2990,6,17940,COMPRA,2023-06-13 06:11:43.287186587,LOT202380
753619764384,PARAGUAS TRANSPARENTE,800,2,1600,VENTA,2023-06-14 01:18:01.490357864,1073
725515179735,ENERGIZANTE MR BUBBLE 250ML,2927,1,4000,VENTA,2023-06-14 18:37:17.456435270,1101
792379607791,PASTA DIENTES COLGATE 90ML,1345,29,2900,COMPRA,2023-06-14 18:39:38.330128176,LOT202341
703102912177,LECHE EN POLVO 400G,4790,1,4790,VENTA,2023-06-14 22:37:57.854630299,1045
725515179735,ENERGIZANTE MR BUBBLE 250ML,2927,1,4000,VENTA,2023-06-16 20:24:45.884912207,1138
769620372572,CHOCOLATE NESTLE 45G,1768,2,580,VENTA,2023-06-16 22:56:01.935020140,1021
753619764384,PARAGUAS TRANSPARENTE,800,2,1600,VENTA,2023-06-18 16:18:14.790894011,1166
753061660635,GOMA DE MASCAR 5UN,1145,20,8000,COMPRA,2023-06-18 18:53:03.432106132,LOT202359
743543068824,CARGADOR USB 2.4A,2272,1,2190,VENTA,2023-06-19 05:47:59.107860183,1087
769771202578,AGUA MINERAL 500ML,300,2,600,VENTA,2023-06-21 16:20:23.374525484,1058
799839285278,CAFÉ INSTANTÁNEO 10G,3397,1,1490,VENTA,2023-06-22 04:04:23.377625936,1172
703377007955,GEL ALCOHÓLICO 100ML,2170,1,3700,VENTA,2023-06-22 08:24:57.368215284,1131
731342889773,CABLE JACK 3.5MM 1MT,1195,1,1800,VENTA,2023-06-22 11:44:23.621369268,1083
703377007955,GEL ALCOHÓLICO 100ML,1442,26,33540,COMPRA,2023-06-22 12:12:26.572948166,LOT202313
703377007955,GEL ALCOHÓLICO 100ML,2170,2,3380,VENTA,2023-06-22 19:40:09.065761918,1019
743543068824,CARGADOR USB 2.4A,2272,2,8600,VENTA,2023-06-23 21:36:46.770722649,1121
777858530950,GALLETA MARIA 200G,2600,2,5200,VENTA,2023-06-23 22:36:54.780087525,1069
792379607791,PASTA DIENTES COLGATE 90ML,1795,1,190,VENTA,2023-06-25 23:33:22.751574614,1088
753061660635,GOMA DE MASCAR 5UN,1895,2,6000,VENTA,2023-06-26 18:21:53.772286367,1105
716447097258,CHIPS DE PAPA 35G,3490,2,6980,VENTA,2023-06-27 01:05:50.335271581,1100
759743227841,CABLE USB 1MT,3563,2,6180,VENTA,2023-06-27 04:48:29.768300809,1042
753619764384,PARAGUAS TRANSPARENTE,800,1,800,VENTA,2023-06-27 10:11:22.861502689,1081
799839285278,CAFÉ INSTANTÁNEO 10G,3397,2,2980,VENTA,2023-06-27 13:18:25.676554615,1117
743752337768,BEBIDA COCA COLA 500ML,2800,2,1000,VENTA,2023-06-28 00:13:18.781088572,1005
725515179735,ENERGIZANTE MR BUBBLE 250ML,2927,1,3190,VENTA,2023-06-28 14:46:58.661497649,1168
743752337768,BEBIDA COCA COLA 500ML,1595,5,14500,COMPRA,2023-06-29 06:39:48.183932715,LOT202329
777858530950,GALLETA MARIA 200G,1790,27,48330,COMPRA,2023-07-03 10:41:36.149504218,LOT202361
792379607791,PASTA DIENTES COLGATE 90ML,1795,2,380,VENTA,2023-07-04 03:48:56.707462460,1037
778115056522,ADAPTADOR HDMI-VGA,1463,2,980,VENTA,2023-07-05 08:38:50.972102459,1103
715902139323,BARRA DE CEREAL 30G,2540,2,8180,VENTA,2023-07-06 18:53:36.199927591,1144
724030223967,ALCOHOL GEL 100ML,3095,2,6000,VENTA,2023-07-08 16:56:26.074920113,1009
778115056522,ADAPTADOR HDMI-VGA,1463,1,1000,VENTA,2023-07-09 13:59:18.746674047,1014
792379607791,PASTA DIENTES COLGATE 90ML,1795,1,190,VENTA,2023-07-10 03:06:12.186461970,1018
757114722560,PASTEL DE MANJAR 80G,1790,23,41170,COMPRA,2023-07-10 05:54:18.213267287,LOT202382
731342889773,CABLE JACK 3.5MM 1MT,1195,2,3600,VENTA,2023-07-10 18:17:34.198171585,1140
769620372572,CHOCOLATE NESTLE 45G,1768,1,290,VENTA,2023-07-12 18:52:46.441268679,1169
723241178329,SUAVIZANTE AYUDIN 500ML,1290,14,18060,COMPRA,2023-07-13 03:16:31.714047640,LOT202381
703377007955,GEL ALCOHÓLICO 100ML,2170,1,1500,VENTA,2023-07-14 19:15:56.500813151,1028
792379607791,PASTA DIENTES COLGATE 90ML,1795,2,6800,VENTA,2023-07-15 15:08:30.908785451,1083
743543068824,CARGADOR USB 2.4A,1345,22,11000,COMPRA,2023-07-15 19:50:18.548024612,LOT202328
778582867497,GOMA DE MASCAR FRUTILLA 5UN,5300,2,10600,VENTA,2023-07-18 01:59:17.155978281,1025
792379607791,PASTA DIENTES COLGATE 90ML,1795,2,6800,VENTA,2023-07-18 02:11:36.932162604,1104
703102912177,LECHE EN POLVO 400G,2800,8,22400,COMPRA,2023-07-18 14:18:17.448188445,LOT202393
769620372572,CHOCOLATE NESTLE 45G,1768,2,3780,VENTA,2023-07-19 16:06:02.159254347,1107
725515179735,ENERGIZANTE MR BUBBLE 250ML,2927,1,4000,VENTA,2023-07-19 16:41:13.455839959,1076
723241178329,SUAVIZANTE AYUDIN 500ML,1900,2,3800,VENTA,2023-07-20 05:55:46.227079608,1152
799839285278,CAFÉ INSTANTÁNEO 10G,3397,1,3900,VENTA,2023-07-21 03:06:51.629625196,1155
778115056522,ADAPTADOR HDMI-VGA,1090,9,2610,COMPRA,2023-07-21 22:14:09.720695786,LOT202323
778115056522,ADAPTADOR HDMI-VGA,1090,29,20010,COMPRA,2023-07-22 14:08:40.644954716,LOT202374
759743227841,CABLE USB 1MT,3563,1,3090,VENTA,2023-07-22 14:19:06.607420165,1195
731342889773,CABLE JACK 3.5MM 1MT,1195,1,590,VENTA,2023-07-23 23:16:47.689575411,1003
703102912177,LECHE EN POLVO 400G,4790,1,4790,VENTA,2023-07-24 02:02:19.527344364,1125
737328112719,PALITOS SALADOS 100G,2990,1,2990,VENTA,2023-07-24 08:09:17.953756702,1077
757114722560,PASTEL DE MANJAR 80G,1790,12,21480,COMPRA,2023-07-24 10:24:11.518853551,LOT202364
743752337768,BEBIDA COCA COLA 500ML,1595,7,2030,COMPRA,2023-07-24 14:32:45.392664256,LOT202372
792379607791,PASTA DIENTES COLGATE 90ML,1345,30,3000,COMPRA,2023-07-24 17:48:16.368844474,LOT202391
703377007955,GEL ALCOHÓLICO 100ML,2170,1,1690,VENTA,2023-07-25 08:30:54.479486558,1008
753619764384,PARAGUAS TRANSPARENTE,800,2,1600,VENTA,2023-07-26 00:40:00.074289057,1156
759743227841,CABLE USB 1MT,2057,19,20710,COMPRA,2023-07-27 02:51:09.907619363,LOT202377
792379607791,PASTA DIENTES COLGATE 90ML,1795,1,190,VENTA,2023-07-28 11:42:14.149039086,1191
778115056522,ADAPTADOR HDMI-VGA,1463,2,980,VENTA,2023-07-29 16:44:07.506261640,1112
715073335721,DETERGENTE ARIEL 500G,2000,2,5200,VENTA,2023-07-29 21:04:55.126252358,1178
715073335721,DETERGENTE ARIEL 500G,1240,23,18170,COMPRA,2023-07-31 02:09:38.701251307,LOT202314
731342889773,CABLE JACK 3.5MM 1MT,1195,1,1800,VENTA,2023-07-31 23:19:52.443281836,1101
777858530950,GALLETA MARIA 200G,2600,2,5200,VENTA,2023-07-31 23:35:43.756760324,1146
703377007955,GEL ALCOHÓLICO 100ML,2170,1,1690,VENTA,2023-08-01 01:23:59.193676533,1040
777858530950,GALLETA MARIA 200G,1790,6,10740,COMPRA,2023-08-01 06:28:18.450415960,LOT202336
759743227841,CABLE USB 1MT,3563,1,2000,VENTA,2023-08-02 03:22:22.084442536,1062
731342889773,CABLE JACK 3.5MM 1MT,1195,1,1800,VENTA,2023-08-02 18:44:20.742507087,1053
769620372572,CHOCOLATE NESTLE 45G,1768,2,1000,VENTA,2023-08-03 08:23:57.938838891,1172
703377007955,GEL ALCOHÓLICO 100ML,1442,18,43020,COMPRA,2023-08-03 10:51:26.168188425,LOT202309
731342889773,CABLE JACK 3.5MM 1MT,1195,1,590,VENTA,2023-08-03 22:03:08.105696699,1113
731342889773,CABLE JACK 3.5MM 1MT,1195,2,1180,VENTA,2023-08-04 06:02:54.438442860,1097
778115056522,ADAPTADOR HDMI-VGA,1463,1,1000,VENTA,2023-08-05 16:32:23.486942118,1046
743543068824,CARGADOR USB 2.4A,2272,1,4300,VENTA,2023-08-07 06:55:47.784051398,1075
724030223967,ALCOHOL GEL 100ML,3095,2,6380,VENTA,2023-08-09 13:59:37.008444047,1115
778115056522,ADAPTADOR HDMI-VGA,1090,11,25190,COMPRA,2023-08-09 18:42:09.125694134,LOT202330
777858530950,GALLETA MARIA 200G,2600,2,5200,VENTA,2023-08-09 22:33:20.686820729,1088
799839285278,CAFÉ INSTANTÁNEO 10G,3397,1,4800,VENTA,2023-08-10 18:32:04.582221403,1113
707037023369,MEMORIA SD 32GB,3300,1,3900,VENTA,2023-08-11 17:23:02.354120214,1153
743752337768,BEBIDA COCA COLA 500ML,2800,1,5100,VENTA,2023-08-14 15:54:25.478266095,1100
731342889773,CABLE JACK 3.5MM 1MT,740,9,2610,COMPRA,2023-08-14 15:58:40.748555392,LOT202390
757114722560,PASTEL DE MANJAR 80G,2990,2,5980,VENTA,2023-08-14 18:59:50.241371283,1163
743752337768,BEBIDA COCA COLA 500ML,2800,1,500,VENTA,2023-08-15 01:55:02.147226463,1165
769620372572,CHOCOLATE NESTLE 45G,940,13,28470,COMPRA,2023-08-16 08:23:30.762323297,LOT202341
703377007955,GEL ALCOHÓLICO 100ML,2170,2,3000,VENTA,2023-08-16 11:28:25.830788178,1092
725515179735,ENERGIZANTE MR BUBBLE 250ML,2927,2,6380,VENTA,2023-08-17 09:41:31.984895368,1055
737328112719,PALITOS SALADOS 100G,2990,1,2990,VENTA,2023-08-17 10:37:18.839371877,1071
769620372572,CHOCOLATE NESTLE 45G,1768,2,8780,VENTA,2023-08-18 00:38:29.116820093,1181
792379607791,PASTA DIENTES COLGATE 90ML,1795,2,380,VENTA,2023-08-18 06:24:53.544326731,1095
743543068824,CARGADOR USB 2.4A,2272,2,1600,VENTA,2023-08-18 11:57:43.955248651,1128
724030223967,ALCOHOL GEL 100ML,3095,1,3190,VENTA,2023-08-19 20:10:48.216857099,1061
724030223967,ALCOHOL GEL 100ML,3095,2,6000,VENTA,2023-08-20 11:59:17.134776781,1107
703377007955,GEL ALCOHÓLICO 100ML,2170,2,7400,VENTA,2023-08-20 13:46:13.488584583,1031
743543068824,CARGADOR USB 2.4A,2272,1,4300,VENTA,2023-08-21 06:54:43.568136542,1198
703377007955,GEL ALCOHÓLICO 100ML,1442,8,7120,COMPRA,2023-08-21 23:24:05.223131573,LOT202371
731342889773,CABLE JACK 3.5MM 1MT,1195,2,1180,VENTA,2023-08-22 06:46:36.383521990,1105
778115056522,ADAPTADOR HDMI-VGA,1090,11,25190,COMPRA,2023-08-22 07:55:11.758048138,LOT202341
759743227841,CABLE USB 1MT,3563,2,4000,VENTA,2023-08-23 21:11:15.492875152,1050
725515179735,ENERGIZANTE MR BUBBLE 250ML,2927,1,4000,VENTA,2023-08-24 03:21:32.852369725,1007
743752337768,BEBIDA COCA COLA 500ML,2800,2,1000,VENTA,2023-08-24 06:19:39.145076968,1096
778115056522,ADAPTADOR HDMI-VGA,1463,2,5800,VENTA,2023-08-24 07:46:36.605256296,1190
743543068824,CARGADOR USB 2.4A,2272,1,4300,VENTA,2023-08-24 12:21:23.103375736,1124
769620372572,CHOCOLATE NESTLE 45G,1768,1,290,VENTA,2023-08-24 20:12:55.496119387,1041
777858530950,GALLETA MARIA 200G,2600,2,5200,VENTA,2023-08-28 11:00:07.002356849,1009
769620372572,CHOCOLATE NESTLE 45G,1768,2,3780,VENTA,2023-08-28 13:57:08.613809053,1078
778115056522,ADAPTADOR HDMI-VGA,1463,2,5800,VENTA,2023-08-28 18:55:00.082039916,1192
715073335721,DETERGENTE ARIEL 500G,2000,2,2800,VENTA,2023-08-29 02:00:50.991438103,1102
723750230102,VELA AROMÁTICA,4000,1,4000,VENTA,2023-08-29 08:22:57.390582296,1098
799839285278,CAFÉ INSTANTÁNEO 10G,3397,2,7800,VENTA,2023-08-29 12:37:31.796155083,1142
715073335721,DETERGENTE ARIEL 500G,1240,15,25350,COMPRA,2023-08-30 19:25:50.190301060,LOT202380
799839285278,CAFÉ INSTANTÁNEO 10G,3397,2,2980,VENTA,2023-08-31 15:06:57.727926939,1017
769620372572,CHOCOLATE NESTLE 45G,940,20,43800,COMPRA,2023-08-31 21:02:51.807347419,LOT202314
769620372572,CHOCOLATE NESTLE 45G,1768,1,500,VENTA,2023-09-01 00:03:42.529543120,1010
725515179735,ENERGIZANTE MR BUBBLE 250ML,2927,1,3190,VENTA,2023-09-01 14:35:37.757921256,1148
731342889773,CABLE JACK 3.5MM 1MT,1195,1,590,VENTA,2023-09-02 01:21:50.912948719,1108
792379607791,PASTA DIENTES COLGATE 90ML,1795,1,3400,VENTA,2023-09-03 05:07:49.373397526,1114
743543068824,CARGADOR USB 2.4A,1345,29,40600,COMPRA,2023-09-03 06:40:42.092374719,LOT202321
707037023369,MEMORIA SD 32GB,3300,2,5400,VENTA,2023-09-03 21:36:31.670312153,1187
725515179735,ENERGIZANTE MR BUBBLE 250ML,1733,6,5400,COMPRA,2023-09-04 20:52:05.394018413,LOT202356
769620372572,CHOCOLATE NESTLE 45G,1768,2,1000,VENTA,2023-09-05 00:18:23.415051983,1001
707037023369,MEMORIA SD 32GB,1750,26,36400,COMPRA,2023-09-05 07:18:51.883685187,LOT202313
703377007955,GEL ALCOHÓLICO 100ML,2170,2,3580,VENTA,2023-09-06 08:41:28.776205107,1107
737328112719,PALITOS SALADOS 100G,2990,1,2990,VENTA,2023-09-07 07:37:47.205162300,1065
731342889773,CABLE JACK 3.5MM 1MT,740,14,4060,COMPRA,2023-09-10 02:29:44.927716515,LOT202314
757114722560,PASTEL DE MANJAR 80G,2990,2,5980,VENTA,2023-09-10 13:00:00.006097756,1053
725515179735,ENERGIZANTE MR BUBBLE 250ML,2927,1,4000,VENTA,2023-09-11 19:18:14.388246463,1016
743752337768,BEBIDA COCA COLA 500ML,1595,13,37700,COMPRA,2023-09-11 23:43:32.230364804,LOT202351
769620372572,CHOCOLATE NESTLE 45G,940,10,21900,COMPRA,2023-09-12 02:26:56.387900310,LOT202344
703102912177,LECHE EN POLVO 400G,2800,18,50400,COMPRA,2023-09-12 11:17:27.073076638,LOT202375
703102912177,LECHE EN POLVO 400G,2800,19,53200,COMPRA,2023-09-12 15:17:55.143230549,LOT202356
759743227841,CABLE USB 1MT,3563,1,3090,VENTA,2023-09-13 06:51:23.893476702,1155
799839285278,CAFÉ INSTANTÁNEO 10G,3397,1,3900,VENTA,2023-09-14 07:02:14.940725345,1027
703377007955,GEL ALCOHÓLICO 100ML,2170,1,1790,VENTA,2023-09-14 20:19:18.083721883,1067
724030223967,ALCOHOL GEL 100ML,3095,1,3190,VENTA,2023-09-14 20:27:44.005299807,1088
778115056522,ADAPTADOR HDMI-VGA,1463,1,1000,VENTA,2023-09-15 12:57:43.156724791,1165
799839285278,CAFÉ INSTANTÁNEO 10G,3397,2,7800,VENTA,2023-09-15 19:18:48.846655131,1195
725515179735,ENERGIZANTE MR BUBBLE 250ML,2927,1,4000,VENTA,2023-09-17 17:58:31.873307522,1159
757114722560,PASTEL DE MANJAR 80G,2990,2,5980,VENTA,2023-09-17 20:08:28.064359640,1148
778115056522,ADAPTADOR HDMI-VGA,1463,2,980,VENTA,2023-09-18 07:41:16.470352391,1162
724030223967,ALCOHOL GEL 100ML,3095,1,3190,VENTA,2023-09-18 17:12:26.011605946,1064
759743227841,CABLE USB 1MT,3563,1,5600,VENTA,2023-09-18 23:49:14.579077252,1125
778115056522,ADAPTADOR HDMI-VGA,1463,1,490,VENTA,2023-09-19 17:16:09.116930327,1023
703377007955,GEL ALCOHÓLICO 100ML,1442,27,34830,COMPRA,2023-09-20 23:28:26.164679127,LOT202356
737328112719,PALITOS SALADOS 100G,1700,28,47600,COMPRA,2023-09-21 00:21:54.000279568,LOT202350
707037023369,MEMORIA SD 32GB,1750,25,35000,COMPRA,2023-09-21 16:55:00.882035927,LOT202381
725515179735,ENERGIZANTE MR BUBBLE 250ML,2927,2,8000,VENTA,2023-09-22 17:38:44.940660693,1127
769620372572,CHOCOLATE NESTLE 45G,940,28,61320,COMPRA,2023-09-23 10:06:43.733890291,LOT202348
759743227841,CABLE USB 1MT,3563,2,4000,VENTA,2023-09-25 07:37:09.487170562,1135
753061660635,GOMA DE MASCAR 5UN,1895,1,790,VENTA,2023-09-25 09:43:14.547686773,1137
703102912177,LECHE EN POLVO 400G,4790,2,9580,VENTA,2023-09-26 00:10:51.617880119,1069
759743227841,CABLE USB 1MT,2057,24,50160,COMPRA,2023-09-26 02:27:40.627481910,LOT202383
799839285278,CAFÉ INSTANTÁNEO 10G,3397,2,2980,VENTA,2023-09-26 04:54:13.992616191,1007
757114722560,PASTEL DE MANJAR 80G,1790,28,50120,COMPRA,2023-09-26 06:34:12.540226868,LOT202325
778115056522,ADAPTADOR HDMI-VGA,1463,1,1000,VENTA,2023-09-27 19:04:57.706446276,1119
778115056522,ADAPTADOR HDMI-VGA,1463,2,5800,VENTA,2023-09-28 09:35:14.979197579,1102
723750230102,VELA AROMÁTICA,4000,2,8000,VENTA,2023-09-28 11:50:02.666856625,1171
707037023369,MEMORIA SD 32GB,3300,1,3900,VENTA,2023-09-29 11:09:20.714612186,1193
715902139323,BARRA DE CEREAL 30G,2540,2,8180,VENTA,2023-09-29 12:11:28.323022848,1120
724030223967,ALCOHOL GEL 100ML,3095,2,6000,VENTA,2023-10-02 01:59:43.698817419,1182
715902139323,BARRA DE CEREAL 30G,2540,1,990,VENTA,2023-10-03 07:51:53.027257068,1134
769620372572,CHOCOLATE NESTLE 45G,940,26,4940,COMPRA,2023-10-03 12:26:39.869417742,LOT202380
778115056522,ADAPTADOR HDMI-VGA,1463,1,2900,VENTA,2023-10-03 17:31:48.614556132,1015
703377007955,GEL ALCOHÓLICO 100ML,1442,9,11610,COMPRA,2023-10-04 03:41:34.135970762,LOT202389
715073335721,DETERGENTE ARIEL 500G,2000,1,1400,VENTA,2023-10-04 17:13:30.131684389,1176
778115056522,ADAPTADOR HDMI-VGA,1463,1,1000,VENTA,2023-10-06 03:11:23.595420629,1142
799839285278,CAFÉ INSTANTÁNEO 10G,1960,11,30690,COMPRA,2023-10-07 04:44:40.831502276,LOT202333
743543068824,CARGADOR USB 2.4A,2272,1,4300,VENTA,2023-10-07 12:45:32.622932071,1092
792379607791,PASTA DIENTES COLGATE 90ML,1795,2,380,VENTA,2023-10-07 18:09:57.727086476,1143
725515179735,ENERGIZANTE MR BUBBLE 250ML,2927,1,3190,VENTA,2023-10-08 06:27:39.343906549,1038
799839285278,CAFÉ INSTANTÁNEO 10G,3397,2,7800,VENTA,2023-10-08 21:36:19.495709795,1155
731342889773,CABLE JACK 3.5MM 1MT,1195,1,590,VENTA,2023-10-09 00:36:39.229750125,1098
743543068824,CARGADOR USB 2.4A,2272,2,4380,VENTA,2023-10-09 12:18:13.124483032,1081
743752337768,BEBIDA COCA COLA 500ML,2800,1,500,VENTA,2023-10-10 17:13:32.068622561,1043
753061660635,GOMA DE MASCAR 5UN,1895,1,790,VENTA,2023-10-10 17:52:26.041801548,1063
731342889773,CABLE JACK 3.5MM 1MT,1195,2,1180,VENTA,2023-10-11 00:22:58.309372378,1158
707037023369,MEMORIA SD 32GB,3300,1,3900,VENTA,2023-10-11 06:30:42.360467630,1197
769620372572,CHOCOLATE NESTLE 45G,1768,2,1000,VENTA,2023-10-11 13:44:41.918373825,1114
703377007955,GEL ALCOHÓLICO 100ML,2170,2,3380,VENTA,2023-10-11 15:23:48.518419640,1106
769620372572,CHOCOLATE NESTLE 45G,1768,1,500,VENTA,2023-10-12 13:29:28.090938437,1101
778115056522,ADAPTADOR HDMI-VGA,1463,1,490,VENTA,2023-10-13 02:07:11.549737900,1131
715073335721,DETERGENTE ARIEL 500G,2000,2,5200,VENTA,2023-10-13 08:35:23.216691981,1118
723750230102,VELA AROMÁTICA,2700,24,64800,COMPRA,2023-10-13 19:04:11.268824132,LOT202341
737328112719,PALITOS SALADOS 100G,1700,30,51000,COMPRA,2023-10-14 02:33:18.547231332,LOT202321
792379607791,PASTA DIENTES COLGATE 90ML,1795,2,6800,VENTA,2023-10-14 06:41:45.521346288,1091
792379607791,PASTA DIENTES COLGATE 90ML,1345,28,2800,COMPRA,2023-10-15 10:46:38.363819451,LOT202398
743752337768,BEBIDA COCA COLA 500ML,2800,2,1000,VENTA,2023-10-15 13:43:33.552429768,1016
769771202578,AGUA MINERAL 500ML,300,1,300,VENTA,2023-10-16 13:26:52.742912539,1093
703102912177,LECHE EN POLVO 400G,4790,1,4790,VENTA,2023-10-17 14:34:13.765177164,1164
769620372572,CHOCOLATE NESTLE 45G,1768,2,3780,VENTA,2023-10-17 20:00:01.195574696,1136
778115056522,ADAPTADOR HDMI-VGA,1463,2,5800,VENTA,2023-10-18 17:36:39.356056538,1167
703102912177,LECHE EN POLVO 400G,4790,1,4790,VENTA,2023-10-19 03:39:45.487096403,1177
778115056522,ADAPTADOR HDMI-VGA,1090,20,45800,COMPRA,2023-10-19 07:27:44.334430577,LOT202326
743752337768,BEBIDA COCA COLA 500ML,2800,2,1000,VENTA,2023-10-19 12:36:14.393029653,1167
703377007955,GEL ALCOHÓLICO 100ML,2170,2,7400,VENTA,2023-10-20 12:36:39.244842246,1197
778115056522,ADAPTADOR HDMI-VGA,1463,2,2000,VENTA,2023-10-22 07:43:48.569057417,1046
703377007955,GEL ALCOHÓLICO 100ML,1442,13,11570,COMPRA,2023-10-23 02:38:26.123398446,LOT202303
799839285278,CAFÉ INSTANTÁNEO 10G,3397,2,7800,VENTA,2023-10-23 13:52:08.398489916,1020
723750230102,VELA AROMÁTICA,4000,2,8000,VENTA,2023-10-24 10:15:05.264134098,1143
715073335721,DETERGENTE ARIEL 500G,2000,2,5200,VENTA,2023-10-24 11:59:35.249300140,1076
703377007955,GEL ALCOHÓLICO 100ML,2170,1,3700,VENTA,2023-10-24 16:27:00.237986379,1077
769771202578,AGUA MINERAL 500ML,300,2,600,VENTA,2023-10-26 01:42:44.585061149,1059
753061660635,GOMA DE MASCAR 5UN,1895,1,790,VENTA,2023-10-28 02:38:39.838623049,1177
743543068824,CARGADOR USB 2.4A,1345,7,9800,COMPRA,2023-10-28 09:57:27.465526448,LOT202367
743752337768,BEBIDA COCA COLA 500ML,2800,2,10200,VENTA,2023-10-28 23:59:23.187216160,1000
757114722560,PASTEL DE MANJAR 80G,2990,1,2990,VENTA,2023-10-29 07:18:11.933122999,1178
743543068824,CARGADOR USB 2.4A,2272,2,3600,VENTA,2023-10-29 09:28:05.840978074,1075
716447097258,CHIPS DE PAPA 35G,3490,2,6980,VENTA,2023-10-30 09:37:06.031597613,1176
777858530950,GALLETA MARIA 200G,1790,29,51910,COMPRA,2023-10-30 10:42:05.827497050,LOT202371
778582867497,GOMA DE MASCAR FRUTILLA 5UN,5300,1,5300,VENTA,2023-10-31 01:18:14.978652585,1047
792379607791,PASTA DIENTES COLGATE 90ML,1345,8,800,COMPRA,2023-10-31 11:17:24.907533332,LOT202399
707037023369,MEMORIA SD 32GB,3300,2,7800,VENTA,2023-11-02 09:49:11.209843055,1094
769620372572,CHOCOLATE NESTLE 45G,940,30,29700,COMPRA,2023-11-02 20:05:02.757086523,LOT202330
743752337768,BEBIDA COCA COLA 500ML,2800,1,5100,VENTA,2023-11-03 07:08:52.150447792,1142
769620372572,CHOCOLATE NESTLE 45G,1768,1,290,VENTA,2023-11-03 11:15:24.514960480,1068
715073335721,DETERGENTE ARIEL 500G,2000,2,2800,VENTA,2023-11-03 19:18:33.802811090,1061
703377007955,GEL ALCOHÓLICO 100ML,2170,2,3580,VENTA,2023-11-06 15:46:08.628194399,1007
725515179735,ENERGIZANTE MR BUBBLE 250ML,2927,1,4000,VENTA,2023-11-07 00:35:47.048829874,1005
731342889773,CABLE JACK 3.5MM 1MT,1195,1,590,VENTA,2023-11-08 05:29:10.380822661,1023
799839285278,CAFÉ INSTANTÁNEO 10G,3397,1,3900,VENTA,2023-11-08 13:49:49.686499821,1189
769620372572,CHOCOLATE NESTLE 45G,940,17,3230,COMPRA,2023-11-08 14:50:31.464616197,LOT202377
716447097258,CHIPS DE PAPA 35G,2000,5,10000,COMPRA,2023-11-08 18:16:59.361617917,LOT202395
703102912177,LECHE EN POLVO 400G,4790,2,9580,VENTA,2023-11-09 11:17:06.255384434,1138
707037023369,MEMORIA SD 32GB,3300,2,7800,VENTA,2023-11-11 23:53:21.216866314,1049
759743227841,CABLE USB 1MT,3563,1,2000,VENTA,2023-11-14 09:17:51.482970417,1020
723750230102,VELA AROMÁTICA,4000,2,8000,VENTA,2023-11-14 10:38:53.414748235,1057
759743227841,CABLE USB 1MT,2057,5,5450,COMPRA,2023-11-14 23:07:12.078973064,LOT202395
778582867497,GOMA DE MASCAR FRUTILLA 5UN,5300,2,10600,VENTA,2023-11-15 15:33:42.394026998,1060
777858530950,GALLETA MARIA 200G,2600,2,5200,VENTA,2023-11-16 06:34:57.314047115,1004
743543068824,CARGADOR USB 2.4A,2272,1,4300,VENTA,2023-11-17 07:48:10.107084615,1011
799839285278,CAFÉ INSTANTÁNEO 10G,1960,21,16800,COMPRA,2023-11-17 14:06:23.507592242,LOT202390
778115056522,ADAPTADOR HDMI-VGA,1463,1,1000,VENTA,2023-11-17 21:03:32.490116775,1052
769620372572,CHOCOLATE NESTLE 45G,940,21,3990,COMPRA,2023-11-19 06:34:25.314390047,LOT202394
725515179735,ENERGIZANTE MR BUBBLE 250ML,1733,23,43700,COMPRA,2023-11-20 11:16:59.043392820,LOT202304
716447097258,CHIPS DE PAPA 35G,3490,1,3490,VENTA,2023-11-20 11:30:25.399799079,1086
743752337768,BEBIDA COCA COLA 500ML,2800,1,500,VENTA,2023-11-21 03:27:04.623374449,1190
778582867497,GOMA DE MASCAR FRUTILLA 5UN,5300,1,5300,VENTA,2023-11-21 18:56:36.823950340,1195
778115056522,ADAPTADOR HDMI-VGA,1463,1,1000,VENTA,2023-11-22 21:36:23.351153597,1133
723241178329,SUAVIZANTE AYUDIN 500ML,1290,12,15480,COMPRA,2023-11-23 00:40:47.769345193,LOT202363
769620372572,CHOCOLATE NESTLE 45G,1768,2,580,VENTA,2023-11-23 11:29:25.378599169,1130
743752337768,BEBIDA COCA COLA 500ML,1595,20,58000,COMPRA,2023-11-24 08:05:14.888993875,LOT202365
757114722560,PASTEL DE MANJAR 80G,2990,2,5980,VENTA,2023-11-24 13:11:36.831810968,1145
715073335721,DETERGENTE ARIEL 500G,2000,1,2600,VENTA,2023-11-27 01:07:34.676907941,1069
703377007955,GEL ALCOHÓLICO 100ML,2170,2,7400,VENTA,2023-11-27 08:49:30.049844822,1049
725515179735,ENERGIZANTE MR BUBBLE 250ML,2927,1,1590,VENTA,2023-11-27 13:36:06.437515900,1099
707037023369,MEMORIA SD 32GB,3300,2,7800,VENTA,2023-11-27 15:54:44.602129636,1158
778115056522,ADAPTADOR HDMI-VGA,1463,1,490,VENTA,2023-11-28 04:40:53.220432599,1087
725515179735,ENERGIZANTE MR BUBBLE 250ML,2927,1,3190,VENTA,2023-11-30 15:50:02.697911887,1082
743543068824,CARGADOR USB 2.4A,2272,1,2190,VENTA,2023-11-30 22:25:53.545435313,1036
703377007955,GEL ALCOHÓLICO 100ML,2170,2,7400,VENTA,2023-12-01 07:21:04.274656867,1070
799839285278,CAFÉ INSTANTÁNEO 10G,3397,2,7800,VENTA,2023-12-02 08:23:42.907519367,1038
769620372572,CHOCOLATE NESTLE 45G,1768,1,290,VENTA,2023-12-03 11:37:54.820670270,1079
769771202578,AGUA MINERAL 500ML,200,15,3000,COMPRA,2023-12-03 17:33:30.786146442,LOT202302
703102912177,LECHE EN POLVO 400G,4790,1,4790,VENTA,2023-12-03 19:12:19.217645216,1000
769771202578,AGUA MINERAL 500ML,300,1,300,VENTA,2023-12-04 06:43:35.673068345,1086
769620372572,CHOCOLATE NESTLE 45G,940,28,10920,COMPRA,2023-12-07 07:36:52.208504121,LOT202327
731342889773,CABLE JACK 3.5MM 1MT,1195,1,1800,VENTA,2023-12-08 00:34:41.513879140,1122
707037023369,MEMORIA SD 32GB,3300,2,5400,VENTA,2023-12-09 18:37:47.002825656,1034
799839285278,CAFÉ INSTANTÁNEO 10G,1960,21,16800,COMPRA,2023-12-11 03:30:38.116075167,LOT202306
799839285278,CAFÉ INSTANTÁNEO 10G,3397,2,9600,VENTA,2023-12-11 04:28:38.644652866,1172
737328112719,PALITOS SALADOS 100G,1700,22,37400,COMPRA,2023-12-17 06:06:18.517047842,LOT202361
769771202578,AGUA MINERAL 500ML,300,2,600,VENTA,2023-12-18 01:26:36.585292911,1138
753619764384,PARAGUAS TRANSPARENTE,590,16,9440,COMPRA,2023-12-18 01:55:31.789532035,LOT202358
731342889773,CABLE JACK 3.5MM 1MT,1195,1,590,VENTA,2023-12-18 04:14:05.967450297,1131
753619764384,PARAGUAS TRANSPARENTE,800,2,1600,VENTA,2023-12-20 23:25:06.736553184,1111
715902139323,BARRA DE CEREAL 30G,1350,23,50600,COMPRA,2023-12-22 13:00:12.835807971,LOT202333
731342889773,CABLE JACK 3.5MM 1MT,740,6,7140,COMPRA,2023-12-22 17:40:48.755710129,LOT202317
715902139323,BARRA DE CEREAL 30G,2540,1,4090,VENTA,2023-12-22 21:22:52.326428548,1104
715073335721,DETERGENTE ARIEL 500G,2000,1,2600,VENTA,2023-12-23 04:08:27.124805726,1008
715073335721,DETERGENTE ARIEL 500G,2000,2,2800,VENTA,2023-12-25 02:29:16.178970084,1005
715073335721,DETERGENTE ARIEL 500G,1240,25,19750,COMPRA,2023-12-25 15:50:18.461512051,LOT202395
725515179735,ENERGIZANTE MR BUBBLE 250ML,2927,2,3180,VENTA,2023-12-26 08:11:01.951394252,1141
792379607791,PASTA DIENTES COLGATE 90ML,1795,1,190,VENTA,2023-12-26 08:44:37.646887205,1188
769620372572,CHOCOLATE NESTLE 45G,1768,1,4390,VENTA,2023-12-26 14:39:13.028186009,1184
753061660635,GOMA DE MASCAR 5UN,1895,2,6000,VENTA,2023-12-27 01:04:32.357264086,1059
792379607791,PASTA DIENTES COLGATE 90ML,1345,10,1000,COMPRA,2023-12-27 14:04:01.397960881,LOT202399
707037023369,MEMORIA SD 32GB,3300,1,2700,VENTA,2023-12-27 18:56:14.208138810,1022
737328112719,PALITOS SALADOS 100G,2990,1,2990,VENTA,2023-12-28 00:34:47.633058205,1134
769620372572,CHOCOLATE NESTLE 45G,1768,2,1000,VENTA,2023-12-28 04:56:34.603498548,1043
743543068824,CARGADOR USB 2.4A,2272,2,1600,VENTA,2023-12-29 16:45:56.412992946,1199
777858530950,GALLETA MARIA 200G,2600,2,5200,VENTA,2023-12-30 05:03:40.940245716,1060
